{"startHeigth": 285.47998046875, "startGKM31": [73731.66832550615, 355748.8056906797], "startLatLon": [48.335673, 14.32703], "startUTM": [450126.11627760687, 5353828.794316645, 33, "U"], "centerGKM31": [73674.80240903652, 355747.59297018684], "centerLatLon": [48.3356687, 14.3262629], "centerUTM": [450069.2625109379, 5353828.815501057, 33, "U"], "cornersGKM31": [[73614.80240903652, 355807.59297018684], [73734.80240903652, 355687.59297018684]], "cornersLatLon": [[48.33621517143523, 14.325464186865373], [48.3351222398522, 14.327061601901587]], "cornersUTM": [[450010.6043405632, 5353890.0769253075, 33, "U"], [450127.9211308054, 5353767.555958664, 33, "U"]]}